{"trial_id": "08", "hyperparameters": {"space": [{"class_name": "Int", "config": {"name": "units_1", "default": null, "conditions": [], "min_value": 64, "max_value": 256, "step": 64, "sampling": "linear"}}, {"class_name": "Int", "config": {"name": "units_2", "default": null, "conditions": [], "min_value": 32, "max_value": 128, "step": 32, "sampling": "linear"}}], "values": {"units_1": 128, "units_2": 128}}, "metrics": {"metrics": {"loss": {"direction": "min", "observations": [{"value": [14037964.0], "step": 0}]}, "mae": {"direction": "min", "observations": [{"value": [3193.8046875], "step": 0}]}, "val_loss": {"direction": "min", "observations": [{"value": [48520136.0], "step": 0}]}, "val_mae": {"direction": "min", "observations": [{"value": [5368.0341796875], "step": 0}]}}}, "score": 5368.0341796875, "best_step": 0, "status": "COMPLETED", "message": null}