{"trial_id": "03", "hyperparameters": {"space": [{"class_name": "Int", "config": {"name": "units_1", "default": null, "conditions": [], "min_value": 64, "max_value": 256, "step": 64, "sampling": "linear"}}, {"class_name": "Int", "config": {"name": "units_2", "default": null, "conditions": [], "min_value": 32, "max_value": 128, "step": 32, "sampling": "linear"}}], "values": {"units_1": 64, "units_2": 96}}, "metrics": {"metrics": {"loss": {"direction": "min", "observations": [{"value": [14333624.0], "step": 0}]}, "mae": {"direction": "min", "observations": [{"value": [3217.3525390625], "step": 0}]}, "val_loss": {"direction": "min", "observations": [{"value": [46720508.0], "step": 0}]}, "val_mae": {"direction": "min", "observations": [{"value": [5277.59033203125], "step": 0}]}}}, "score": 5277.59033203125, "best_step": 0, "status": "COMPLETED", "message": null}