{"trial_id": "11", "hyperparameters": {"space": [{"class_name": "Int", "config": {"name": "units_1", "default": null, "conditions": [], "min_value": 64, "max_value": 256, "step": 64, "sampling": "linear"}}, {"class_name": "Int", "config": {"name": "units_2", "default": null, "conditions": [], "min_value": 32, "max_value": 128, "step": 32, "sampling": "linear"}}], "values": {"units_1": 256, "units_2": 64}}, "metrics": {"metrics": {"loss": {"direction": "min", "observations": [{"value": [14469879.0], "step": 0}]}, "mae": {"direction": "min", "observations": [{"value": [3225.892822265625], "step": 0}]}, "val_loss": {"direction": "min", "observations": [{"value": [48037396.0], "step": 0}]}, "val_mae": {"direction": "min", "observations": [{"value": [5320.1591796875], "step": 0}]}}}, "score": 5320.1591796875, "best_step": 0, "status": "COMPLETED", "message": null}