{"trial_id": "04", "hyperparameters": {"space": [{"class_name": "Int", "config": {"name": "units_1", "default": null, "conditions": [], "min_value": 64, "max_value": 256, "step": 64, "sampling": "linear"}}, {"class_name": "Int", "config": {"name": "units_2", "default": null, "conditions": [], "min_value": 32, "max_value": 128, "step": 32, "sampling": "linear"}}], "values": {"units_1": 192, "units_2": 96}}, "metrics": {"metrics": {"loss": {"direction": "min", "observations": [{"value": [14700662.0], "step": 0}]}, "mae": {"direction": "min", "observations": [{"value": [3232.139892578125], "step": 0}]}, "val_loss": {"direction": "min", "observations": [{"value": [47431700.0], "step": 0}]}, "val_mae": {"direction": "min", "observations": [{"value": [5255.39306640625], "step": 0}]}}}, "score": 5255.39306640625, "best_step": 0, "status": "COMPLETED", "message": null}