{"trial_id": "06", "hyperparameters": {"space": [{"class_name": "Int", "config": {"name": "units_1", "default": null, "conditions": [], "min_value": 64, "max_value": 256, "step": 64, "sampling": "linear"}}, {"class_name": "Int", "config": {"name": "units_2", "default": null, "conditions": [], "min_value": 32, "max_value": 128, "step": 32, "sampling": "linear"}}], "values": {"units_1": 256, "units_2": 32}}, "metrics": {"metrics": {"loss": {"direction": "min", "observations": [{"value": [14120256.0], "step": 0}]}, "mae": {"direction": "min", "observations": [{"value": [3213.10302734375], "step": 0}]}, "val_loss": {"direction": "min", "observations": [{"value": [46587736.0], "step": 0}]}, "val_mae": {"direction": "min", "observations": [{"value": [5239.5458984375], "step": 0}]}}}, "score": 5239.5458984375, "best_step": 0, "status": "COMPLETED", "message": null}