{"trial_id": "13", "hyperparameters": {"space": [{"class_name": "Int", "config": {"name": "units_1", "default": null, "conditions": [], "min_value": 64, "max_value": 256, "step": 64, "sampling": "linear"}}, {"class_name": "Int", "config": {"name": "units_2", "default": null, "conditions": [], "min_value": 32, "max_value": 128, "step": 32, "sampling": "linear"}}], "values": {"units_1": 256, "units_2": 128}}, "metrics": {"metrics": {"loss": {"direction": "min", "observations": [{"value": [14278675.0], "step": 0}]}, "mae": {"direction": "min", "observations": [{"value": [3203.892578125], "step": 0}]}, "val_loss": {"direction": "min", "observations": [{"value": [45436316.0], "step": 0}]}, "val_mae": {"direction": "min", "observations": [{"value": [5214.826171875], "step": 0}]}}}, "score": 5214.826171875, "best_step": 0, "status": "COMPLETED", "message": null}