{"trial_id": "05", "hyperparameters": {"space": [{"class_name": "Int", "config": {"name": "units_1", "default": null, "conditions": [], "min_value": 64, "max_value": 256, "step": 64, "sampling": "linear"}}, {"class_name": "Int", "config": {"name": "units_2", "default": null, "conditions": [], "min_value": 32, "max_value": 128, "step": 32, "sampling": "linear"}}], "values": {"units_1": 64, "units_2": 32}}, "metrics": {"metrics": {"loss": {"direction": "min", "observations": [{"value": [14331795.0], "step": 0}]}, "mae": {"direction": "min", "observations": [{"value": [3229.0654296875], "step": 0}]}, "val_loss": {"direction": "min", "observations": [{"value": [48743752.0], "step": 0}]}, "val_mae": {"direction": "min", "observations": [{"value": [5407.845703125], "step": 0}]}}}, "score": 5407.845703125, "best_step": 0, "status": "COMPLETED", "message": null}