[{"trial_id": "09", "score": 5045.6748046875, "units_1": 192, "units_2": 128}, {"trial_id": "02", "score": 5076.2431640625, "units_1": 128, "units_2": 64}, {"trial_id": "07", "score": 5079.44970703125, "units_1": 192, "units_2": 64}, {"trial_id": "14", "score": 5145.517578125, "units_1": 128, "units_2": 32}, {"trial_id": "15", "score": 5205.95654296875, "units_1": 256, "units_2": 96}, {"trial_id": "13", "score": 5214.826171875, "units_1": 256, "units_2": 128}, {"trial_id": "06", "score": 5239.5458984375, "units_1": 256, "units_2": 32}, {"trial_id": "04", "score": 5255.39306640625, "units_1": 192, "units_2": 96}, {"trial_id": "03", "score": 5277.59033203125, "units_1": 64, "units_2": 96}, {"trial_id": "11", "score": 5320.1591796875, "units_1": 256, "units_2": 64}, {"trial_id": "00", "score": 5351.40234375, "units_1": 64, "units_2": 128}, {"trial_id": "12", "score": 5362.9580078125, "units_1": 128, "units_2": 96}, {"trial_id": "08", "score": 5368.0341796875, "units_1": 128, "units_2": 128}, {"trial_id": "05", "score": 5407.845703125, "units_1": 64, "units_2": 32}, {"trial_id": "01", "score": 5514.22509765625, "units_1": 192, "units_2": 32}, {"trial_id": "10", "score": 5516.72802734375, "units_1": 64, "units_2": 64}]