{"trial_id": "12", "hyperparameters": {"space": [{"class_name": "Int", "config": {"name": "units_1", "default": null, "conditions": [], "min_value": 64, "max_value": 256, "step": 64, "sampling": "linear"}}, {"class_name": "Int", "config": {"name": "units_2", "default": null, "conditions": [], "min_value": 32, "max_value": 128, "step": 32, "sampling": "linear"}}], "values": {"units_1": 128, "units_2": 96}}, "metrics": {"metrics": {"loss": {"direction": "min", "observations": [{"value": [14448765.0], "step": 0}]}, "mae": {"direction": "min", "observations": [{"value": [3212.966796875], "step": 0}]}, "val_loss": {"direction": "min", "observations": [{"value": [48417164.0], "step": 0}]}, "val_mae": {"direction": "min", "observations": [{"value": [5362.9580078125], "step": 0}]}}}, "score": 5362.9580078125, "best_step": 0, "status": "COMPLETED", "message": null}